[
  {
    "checkShop": 0,
    "ireser": 1,
    "ishop": 101,
    "date": "2022-12-01",
    "request": "뷔페 스타일로 예약합니다.",
    "cofirm": 2,
    "headCount": 5,
    "pic": "https://picsum.photos/331/228/?category=meat",
    "isBook": 1,
    "createdAt": "2022-11-28"
  },
  {
    "checkShop": 1,
    "ireser": 2,
    "ishop": 202,
    "date": "2022-12-02",
    "request": "육즙이 풍부한 고기로 예약합니다.",
    "cofirm": 0,
    "headCount": 3,
    "pic": "https://picsum.photos/331/228/?category=meat",
    "isBook": 0,
    "createdAt": "2022-11-29"
  },
  {
    "checkShop": 0,
    "ireser": 3,
    "ishop": 103,
    "date": "2022-12-03",
    "request": "채식 메뉴로 예약합니다.",
    "cofirm": 1,
    "headCount": 2,
    "pic": "https://picsum.photos/331/228/?category=meat",
    "isBook": 1,
    "createdAt": "2022-11-30"
  },
  {
    "checkShop": 1,
    "ireser": 4,
    "ishop": 204,
    "date": "2022-12-04",
    "request": "신선한 해산물로 예약합니다.",
    "cofirm": 2,
    "headCount": 4,
    "pic": "https://picsum.photos/331/228/?category=meat",
    "isBook": 0,
    "createdAt": "2022-12-01"
  },
  {
    "checkShop": 0,
    "ireser": 5,
    "ishop": 105,
    "date": "2022-12-05",
    "request": "가족과 함께 예약합니다.",
    "cofirm": 2,
    "headCount": 6,
    "pic": "https://picsum.photos/331/228/?category=meat",
    "isBook": 1,
    "createdAt": "2022-12-02"
  },
  {
    "checkShop": 1,
    "ireser": 6,
    "ishop": 206,
    "date": "2022-12-06",
    "request": "소주와 함께 예약합니다.",
    "cofirm": 1,
    "headCount": 2,
    "pic": "https://picsum.photos/331/228/?category=meat",
    "isBook": 0,
    "createdAt": "2022-12-03"
  },
  {
    "checkShop": 0,
    "ireser": 7,
    "ishop": 107,
    "date": "2022-12-07",
    "request": "특별한 날을 위해 예약합니다.",
    "cofirm": 0,
    "headCount": 2,
    "pic": "https://picsum.photos/331/228/?category=meat",
    "isBook": 1,
    "createdAt": "2022-12-04"
  },
  {
    "checkShop": 1,
    "ireser": 8,
    "ishop": 208,
    "date": "2022-12-08",
    "request": "분위기 좋은 레스토랑으로 예약합니다.",
    "cofirm": 2,
    "headCount": 3,
    "pic": "https://picsum.photos/331/228/?category=meat",
    "isBook": 0,
    "createdAt": "2022-12-05"
  },
  {
    "checkShop": 0,
    "ireser": 9,
    "ishop": 109,
    "date": "2022-12-09",
    "request": "친구들과 함께 예약합니다.",
    "cofirm": 1,
    "headCount": 4,
    "pic": "https://picsum.photos/331/228/?category=meat",
    "isBook": 1,
    "createdAt": "2022-12-06"
  },
  {
    "checkShop": 1,
    "ireser": 10,
    "ishop": 210,
    "date": "2022-12-10",
    "request": "디저트 카페로 예약합니다.",
    "cofirm": 2,
    "headCount": 2,
    "pic": "https://picsum.photos/331/228/?category=meat",
    "isBook": 0,
    "createdAt": "2022-12-07"
  }
]
