[
  {
    "checkShop": 0,
    "ireview": 1,
    "ishop": 101,
    "name": "맛있는 음식집",
    "star": 4,
    "review": "음식이 정말 맛있어서 여러 번 방문했습니다.",
    "pic": "restaurant_pic_1.jpg",
    "count": 15,
    "createdAt": "2024-01-23T12:30:45",
    "isBook": "string",
    "pics": "https://picsum.photos/331/228/?category=meat"
  },
  {
    "checkShop": 1,
    "ireview": 2,
    "ishop": 102,
    "name": "고기맛집",
    "star": 3,
    "review": "정육점에서 산 신선한 고기! 맛있게 먹었습니다.",
    "pic": "butcher_shop_pic_1.jpg",
    "count": 8,
    "createdAt": "2024-01-22T18:45:20",
    "isBook": "string",
    "pics": "https://picsum.photos/331/228/?category=meat"
  },
  {
    "checkShop": 0,
    "ireview": 3,
    "ishop": 103,
    "name": "행복한 식당",
    "star": 5,
    "review": "최고의 음식과 서비스! 정말 행복한 시간을 보냈습니다.",
    "pic": "restaurant_pic_2.jpg",
    "count": 20,
    "createdAt": "2024-01-21T10:15:55",
    "isBook": "string",
    "pics": "https://picsum.photos/331/228/?category=meat"
  },
  {
    "checkShop": 1,
    "ireview": 4,
    "ishop": 104,
    "name": "육전문점",
    "star": 3,
    "review": "고기는 좋았지만 서비스가 조금 아쉬웠습니다.",
    "pic": "butcher_shop_pic_2.jpg",
    "count": 12,
    "createdAt": "2024-01-20T14:40:30",
    "isBook": "string",
    "pics": "https://picsum.photos/331/228/?category=meat"
  },
  {
    "checkShop": 0,
    "ireview": 5,
    "ishop": 105,
    "name": "맛있는 해산물",
    "star": 2,
    "review": "신선한 해산물로 만든 요리가 정말 맛있어요!",
    "pic": "seafood_restaurant_pic_1.jpg",
    "count": 18,
    "createdAt": "2024-01-19T20:05:10",
    "isBook": "string",
    "pics": "https://picsum.photos/331/228/?category=meat"
  },
  {
    "checkShop": 1,
    "ireview": 6,
    "ishop": 106,
    "name": "고기의 향기",
    "star": 4,
    "review": "고기 특유의 풍미와 향기가 일품이었습니다.",
    "pic": "butcher_shop_pic_3.jpg",
    "count": 10,
    "createdAt": "2024-01-18T16:22:40",
    "isBook": "string",
    "pics": "https://picsum.photos/331/228/?category=meat"
  },
  {
    "checkShop": 0,
    "ireview": 7,
    "ishop": 107,
    "name": "가족식당",
    "star": 4,
    "review": "가족과 함께 즐거운 식사를 할 수 있는 곳이에요.",
    "pic": "family_restaurant_pic_1.jpg",
    "count": 25,
    "createdAt": "2024-01-17T22:55:05",
    "isBook": "string",
    "pics": "https://picsum.photos/331/228/?category=meat"
  },
  {
    "checkShop": 1,
    "ireview": 8,
    "ishop": 108,
    "name": "특급 고기집",
    "star": 2,
    "review": "고급스러운 고기와 서비스가 최고입니다.",
    "pic": "luxury_butcher_shop_pic_1.jpg",
    "count": 30,
    "createdAt": "2024-01-16T12:10:15",
    "isBook": "string",
    "pics": "https://picsum.photos/331/228/?category=meat"
  },
  {
    "checkShop": 0,
    "ireview": 9,
    "ishop": 109,
    "name": "이국적인 맛",
    "star": 1,
    "review": "이국적인 음식을 먹고 왔는데 정말 좋았어요.",
    "pic": "exotic_cuisine_restaurant_pic_1.jpg",
    "count": 14,
    "createdAt": "2024-01-15T08:35:30",
    "isBook": "string",
    "pics": "https://picsum.photos/331/228/?category=meat"
  },
  {
    "checkShop": 1,
    "ireview": 10,
    "ishop": 110,
    "name": "고기와 와인",
    "star": 3,
    "review": "고기와 와인의 조합이 환상적이었습니다.",
    "pic": "butcher_shop_wine_pic_1.jpg",
    "count": 22,
    "createdAt": "2024-01-14T19:20:50",
    "isBook": "string",
    "pics": "https://picsum.photos/331/228/?category=meat"
  }
]
