[
  {
    "iuser": 1,
    "writerPic": "https://random.image/link1.jpg",
    "ireview": 9876543210,
    "nickname": "홍길동",
    "star": 4,
    "flag": 1,
    "review": "상품이 매우 만족스럽습니다!",
    "pic": [
      "https://swiperjs.com/demos/images/nature-1.jpg",
      "https://swiperjs.com/demos/images/nature-2.jpg",
      "https://swiperjs.com/demos/images/nature-3.jpg"
    ]
  },
  {
    "iuser": 2,
    "writerPic": "https://random.image/link1.jpg",
    "ireview": 9876543210,
    "nickname": "홍길동",
    "star": 4,
    "review": "상품이 매우 만족스럽습니다!",
    "flag": 2,
    "pic": [
      "https://swiperjs.com/demos/images/nature-2.jpg",
      "https://swiperjs.com/demos/images/nature-1.jpg",
      "https://swiperjs.com/demos/images/nature-3.jpg"
    ]
  },
  {
    "iuser": 3,
    "writerPic": "https://random.image/link5.jpg",
    "ireview": 8765432190,
    "nickname": "김철수",
    "star": 3,
    "flag": 1,
    "review": "배송이 조금 느리지만 괜찮아요.",
    "pic": [
      "https://swiperjs.com/demos/images/nature-3.jpg",
      "https://swiperjs.com/demos/images/nature-1.jpg",
      "https://swiperjs.com/demos/images/nature-2.jpg"
    ]
  }
]
